Arica y Parinacota,Desconocido Arica y Parinacota
Arica y Parinacota,General Lagos
Arica y Parinacota,Putre
Atacama,Copiapo
Alto Hospicio,Tarapacá
Tarapacá,Camina
Tarapacá,Colchane
Huara,Tarapacá
Tarapacá,Iquique
Tarapacá,Pica
Tarapacá,Pozo Almonte
Tarapacá,Desconocido Tarapaca
Antofagasta,Antofagasta
Antofagasta,Calama
Maria Elena,Antofagasta
Antofagasta,Mejillones
Antofagasta,Ollague
Antofagasta,San Pedro de Atacama
Antofagasta,Sierra Gorda
Taltal,Antofagasta
Antofagasta,Tocopilla
Antofagasta,Desconocido Antofagasta
Atacama,Alto del Carmen
Atacama,Caldera
Arica y Parinacota,Camarones
Atacama,Chanaral
Region,Comuna
Valparaíso,Cabildo
Arica y Parinacota,Arica
Atacama,Diego de Almagro
Coquimbo,La Higuera
Coquimbo,La Serena
Atacama,Freirina
Atacama,Huasco
Atacama,Tierra Amarilla
Atacama,Vallenar
Atacama,Desconocido Atacama
Coquimbo,Andacollo
Canela,Coquimbo
Coquimbo,Combarbala
Coquimbo,Coquimbo
Coquimbo,Illapel
Coquimbo,Rio Hurtado
Coquimbo,Monte Patria
Coquimbo,Ovalle
Coquimbo,Paiguano
Punitaqui,Coquimbo
Coquimbo,Los Vilos
Coquimbo,Vicuna
Coquimbo,Desconocido Coquimbo
Coquimbo,Salamanca
Valparaíso,Algarrobo
Valparaíso,Papudo
Valparaíso,San Felipe
Valparaíso,Calera
Valparaíso,Petorca
Valparaíso,Calle Larga
Valparaíso,Puchuncavi
Valparaíso,Cartagena
Valparaíso,Putaendo
Valparaíso,Casablanca
Valparaíso,Quillota
Valparaíso,Catemu
Valparaíso,Quilpue
Valparaíso,Concon
Valparaíso,Quintero
Valparaíso,Rinconada
Valparaíso,San Antonio
Valparaíso,San Esteban
Valparaíso,La Ligua
Valparaíso,El Tabo
Valparaíso,Hijuelas
Valparaíso,Isla de Pascua
Valparaíso,Juan Fernandez
Valparaíso,La Cruz
Los Andes,Valparaíso
Limache,Valparaíso
Valparaíso,Llaillay
Valparaíso,El Quisco
Valparaíso,Olmue
Valparaíso,Panquehue
Valparaíso,Nogales
Metropolitana,Colina
Metropolitana,Huechuraba
Valparaíso,Santa Maria
Metropolitana,Conchali
Valparaíso,Santo Domingo
Metropolitana,Curacavi
Valparaíso,Valparaiso
Metropolitana,El Bosque
Valparaíso,Villa Alemana
Valparaíso,Vina del Mar
Valparaíso,Zapallar
Valparaíso,Desconocido Valparaiso
Metropolitana,Alhue
Buin,Metropolitana
Metropolitana,Calera de Tango
Metropolitana,Cerrillos
Cerro Navia,Metropolitana
Metropolitana,El Monte
Metropolitana,La Pintana
Metropolitana,Estacion Central
Metropolitana,Independencia
Metropolitana,Isla de Maipo
Metropolitana,Lo Barnechea
La Cisterna,Metropolitana
Metropolitana,La Reina
Metropolitana,La Florida
Metropolitana,Lampa
La Granja,Metropolitana
Metropolitana,Las Condes
Metropolitana,Melipilla
Metropolitana,Paine
Lo Espejo,Metropolitana
Nunoa,Metropolitana
Metropolitana,Lo Prado
Metropolitana,Padre Hurtado
Macul,Metropolitana
Metropolitana,Pedro Aguirre Cerda
Metropolitana,Maipu
Metropolitana,Maria Pinto
Metropolitana,Penaflor
Metropolitana,Penalolen
O’Higgins,Coltauco
Metropolitana,Talagante
Metropolitana,Tiltil
Metropolitana,Vitacura
Metropolitana,Desconocido Metropolitana
O’Higgins,Chepica
O’Higgins,Chimbarongo
O’Higgins,Codegua
O’Higgins,Coinco
Metropolitana,Renca
Metropolitana,Providencia
Pudahuel,Metropolitana
Puente Alto,Metropolitana
Metropolitana,Quilicura
Metropolitana,Quinta Normal
Metropolitana,Pirque
Metropolitana,Recoleta
Metropolitana,San Bernardo
Metropolitana,San Miguel
Metropolitana,San Pedro
Metropolitana,San Ramon
Santiago,Metropolitana
Marchihue,O’Higgins
O’Higgins,Donihue
O’Higgins,Graneros
O’Higgins,La Estrella
O’Higgins,Las Cabras
Litueche,O’Higgins
O’Higgins,Lolol
O’Higgins,Machali
Metropolitana,San Joaquin
Malloa,O’Higgins
Metropolitana,San Jose de Maipo
O’Higgins,Peumo
O’Higgins,Olivar
O’Higgins,Palmilla
O’Higgins,Mostazal
O’Higgins,Paredones
O’Higgins,Nancagua
O’Higgins,Peralillo
O’Higgins,Navidad
Maule,Colbun
Longavi,Maule
O’Higgins,Pichidegua
Maule,Constitucion
O’Higgins,Pichilemu
Maule,Curepto
O’Higgins,Placilla
Maule,Curico
O’Higgins,Pumanque
Maule,Empedrado
O’Higgins,Quinta de Tilcoco
Maule,Hualane
O’Higgins,Rancagua
Maule,Licanten
O’Higgins,Rengo
Maule,Linares
O’Higgins,Requinoa
O’Higgins,Santa Cruz
O’Higgins,Desconocido O’Higgins
O’Higgins,San Fernando
O’Higgins,San Vicente
Maule,Chanco
Maule,Retiro
Maule,Maule
Maule,Molina
Maule,Parral
Maule,Pelarco
Maule,Pelluhue
Maule,Pencahue
Maule,Rauco
Maule,Cauquenes
Maule,San Javier
Maule,Rio Claro
Teno,Maule
Maule,San Rafael
Maule,Talca
Ñuble,Quirihue
Maule,Vichuquen
Maule,Villa Alegre
Maule,Yerbas Buenas
Maule,Desconocido Maule
Ñuble,Bulnes
Chillan,Ñuble
Ñuble,Chillan Viejo
Cobquecura,Ñuble
Ñuble,Coelemu
Ñuble,Coihueco
Ñuble,El Carmen
Ñuble,Ninhue
Ñuble,Niquen
Ñuble,Pemuco
Ñuble,Pinto
Romeral,Maule
Maule,Sagrada Familia
Maule,San Clemente
Ñuble,Portezuelo
Biobío,Florida
Ñuble,Quillon
Ñuble,Ranquil
Biobío,Antuco
Biobío,Arauco
Ñuble,San Carlos
Biobío,Cabrero
Ñuble,San Fabian
Biobío,Canete
Ñuble,San Ignacio
Biobío,Chiguayante
San Nicolas,Ñuble
Biobío,Concepcion
Ñuble,Treguaco
Contulmo,Biobío
Biobío,Coronel
Curanilahue,Biobío
Ñuble,Desconocido Nuble
Biobío,San Pedro de la Paz
Biobío,Hualpen
Biobío,Hualqui
Biobío,Laja
Lebu,Biobío
Biobío,Los Alamos
Biobío,Los Angeles
Biobío,Lota
Ñuble,Yungay
Biobío,Mulchen
Biobío,Alto Biobio
Biobío,Nacimiento
Biobío,Negrete
Araucanía,Carahue
Biobío,Penco
Biobío,San Rosendo
Biobío,Quilaco
Biobío,Santa Barbara
Biobío,Quilleco
Biobío,Santa Juana
Biobío,Talcahuano
Biobío,Tirua
Biobío,Tome
Biobío,Tucapel
Biobío,Yumbel
Biobío,Desconocido Biobio
Araucanía,Angol
Araucanía,Curacautin
Araucanía,Cholchol
Araucanía,Collipulli
Araucanía,Cunco
Araucanía,Lumaco
Araucanía,Lautaro
Araucanía,Loncoche
Araucanía,Lonquimay
Araucanía,Gorbea
Araucanía,Los Sauces
Araucanía,Curarrehue
Araucanía,Freire
Araucanía,Galvarino
Ercilla,Araucanía
Temuco,Araucanía
Pitrufquen,Araucanía
Araucanía,Pucon
Araucanía,Melipeuco
Araucanía,Puren
Araucanía,Nueva Imperial
Araucanía,Renaico
Araucanía,Padre Las Casas
Araucanía,Saavedra
Araucanía,Vilcun
Araucanía,Teodoro Schmidt
Tolten,Araucanía
Araucanía,Traiguen
Victoria,Araucanía
Los Ríos,Futrono
Araucanía,Villarrica
Araucanía,Desconocido Araucania
Corral,Los Ríos
Perquenco,Araucanía
Los Ríos,Lago Ranco
Los Ríos,La Union
Los Ríos,Lanco
Los Ríos,Los Lagos
Los Ríos,Mafil
Los Ríos,Paillaco
Los Ríos,Mariquina
Los Ríos,Rio Bueno
Los Ríos,Desconocido Los Rios
Los Ríos,Panguipulli
Los Ríos,Valdivia
Los Lagos,Castro
Los Lagos,Chonchi
Los Lagos,Ancud
Los Lagos,Chaiten
Los Lagos,Calbuco
Los Lagos,Cochamo
Los Lagos,Rio Negro
Puerto Varas,Los Lagos
Los Lagos,Puqueldon
Los Lagos,Curaco de Velez
Dalcahue,Los Lagos
Los Lagos,Fresia
Los Lagos,Frutillar
Los Lagos,Futaleufu
Los Lagos,Hualaihue
Los Lagos,Llanquihue
Los Lagos,Los Muermos
Los Lagos,Maullin
Los Lagos,Osorno
Los Lagos,Palena
Los Lagos,Purranque
Puerto Montt,Los Lagos
Puyehue,Los Lagos
Los Lagos,Puerto Octay
Los Lagos,Quemchi
Los Lagos,Quellon
Los Lagos,Quinchao
Aysén,Guaitecas
Los Lagos,San Juan de la Costa
Los Lagos,Queilen
San Pablo,Los Lagos
Aysén,Cisnes
Aysén,Chile Chico
Desconocido Los Lagos,Los Lagos
Aysen,Aysén
Aysén,Coyhaique
Magallanes,Natales
Aysén,Lago Verde
OHiggins,Aysén
Rio Ibanez,Aysén
Aysén,Tortel
Aysén,Desconocido Aysen
Magallanes,Antartica
Magallanes,Cabo de Hornos
Magallanes,Laguna Blanca
Arica y Parinacota,Putre
Magallanes,Porvenir
Magallanes,Primavera
Magallanes,Punta Arenas
Magallanes,Rio Verde
Magallanes,San Gregorio
Magallanes,Timaukel
Magallanes,Torres del Paine
Magallanes,Desconocido Magallanes
Arica y Parinacota,Arica
Arica y Parinacota,Camarones
Arica y Parinacota,General Lagos
Aysén,Cochrane
Antofagasta,Taltal
Tarapacá,Pica
Tarapacá,Pozo Almonte
Tarapacá,Iquique
Tarapacá,Desconocido Tarapaca
Arica y Parinacota,Desconocido Arica y Parinacota
Antofagasta,Antofagasta
Tarapacá,Alto Hospicio
Calama,Antofagasta
Camina,Tarapacá
Antofagasta,Maria Elena
Tarapacá,Colchane
Mejillones,Antofagasta
Tarapacá,Huara
Antofagasta,Ollague
Atacama,Copiapo
Antofagasta,San Pedro de Atacama
Antofagasta,Tocopilla
Antofagasta,Sierra Gorda
Antofagasta,Desconocido Antofagasta
Atacama,Caldera
Atacama,Chanaral
Atacama,Alto del Carmen
Atacama,Tierra Amarilla
Andacollo,Coquimbo
Atacama,Diego de Almagro
Atacama,Vallenar
Freirina,Atacama
Atacama,Desconocido Atacama
Atacama,Huasco
Coquimbo,La Higuera
Coquimbo,Los Vilos
Coquimbo,Canela
Coquimbo,La Serena
Combarbala,Coquimbo
Coquimbo,Monte Patria
Coquimbo,Coquimbo
Coquimbo,Illapel
Punitaqui,Coquimbo
Coquimbo,Ovalle
Paiguano,Coquimbo
Coquimbo,Salamanca
Coquimbo,Rio Hurtado
Coquimbo,Vicuna
Valparaíso,Petorca
Valparaíso,La Ligua
Valparaíso,Limache
Coquimbo,Desconocido Coquimbo
Valparaíso,Llaillay
Valparaíso,Los Andes
Valparaíso,Nogales
Olmue,Valparaíso
Panquehue,Valparaíso
Valparaíso,Algarrobo
Valparaíso,Cabildo
Valparaíso,Calera
Valparaíso,Papudo
Valparaíso,Calle Larga
Valparaíso,El Quisco
Valparaíso,El Tabo
Valparaíso,Cartagena
Valparaíso,Hijuelas
Valparaíso,Casablanca
Isla de Pascua,Valparaíso
Valparaíso,Catemu
Valparaíso,Juan Fernandez
Concon,Valparaíso
Valparaíso,La Cruz
Valparaíso,Valparaiso
Valparaíso,Rinconada
Valparaíso,San Antonio
Valparaíso,Puchuncavi
San Esteban,Valparaíso
Valparaíso,Putaendo
Valparaíso,San Felipe
Valparaíso,Quillota
Valparaíso,Santa Maria
Valparaíso,Quilpue
Valparaíso,Santo Domingo
Valparaíso,Quintero
Metropolitana,Buin
Metropolitana,Cerro Navia
Villa Alemana,Valparaíso
Metropolitana,Calera de Tango
Valparaíso,Vina del Mar
Metropolitana,Cerrillos
Valparaíso,Zapallar
Metropolitana,Conchali
Valparaíso,Desconocido Valparaiso
Metropolitana,Colina
Metropolitana,Alhue
Metropolitana,Curacavi
Metropolitana,Pedro Aguirre Cerda
Metropolitana,Lo Prado
Metropolitana,Macul
Metropolitana,El Bosque
Maipu,Metropolitana
Metropolitana,El Monte
Metropolitana,Maria Pinto
Metropolitana,Estacion Central
Melipilla,Metropolitana
Metropolitana,Huechuraba
Metropolitana,Nunoa
Metropolitana,Independencia
Metropolitana,Padre Hurtado
Metropolitana,Isla de Maipo
Metropolitana,La Cisterna
Metropolitana,La Florida
Metropolitana,La Granja
Metropolitana,Paine
Metropolitana,San Joaquin
Metropolitana,Penaflor
Metropolitana,Penalolen
Metropolitana,Pirque
Metropolitana,La Pintana
Metropolitana,Providencia
Metropolitana,La Reina
Metropolitana,Pudahuel
Metropolitana,Lampa
Metropolitana,Puente Alto
Las Condes,Metropolitana
Metropolitana,Lo Barnechea
Metropolitana,Quilicura
Metropolitana,Lo Espejo
O’Higgins,Coinco
Quinta Normal,Metropolitana
Metropolitana,San Jose de Maipo
Metropolitana,Recoleta
Metropolitana,San Miguel
Metropolitana,Renca
Metropolitana,San Pedro
Metropolitana,San Bernardo
Metropolitana,San Ramon
Metropolitana,Vitacura
Metropolitana,Desconocido Metropolitana
Santiago,Metropolitana
O’Higgins,Chepica
Metropolitana,Talagante
O’Higgins,Chimbarongo
Metropolitana,Tiltil
O’Higgins,Codegua
O’Higgins,Machali
O’Higgins,La Estrella
O’Higgins,Las Cabras
Coltauco,O’Higgins
O’Higgins,Litueche
O’Higgins,Donihue
O’Higgins,Lolol
O’Higgins,Graneros
O’Higgins,Nancagua
O’Higgins,Marchihue
O’Higgins,Mostazal
O’Higgins,Malloa
O’Higgins,Palmilla
O’Higgins,Navidad
O’Higgins,Olivar
O’Higgins,Pichidegua
O’Higgins,Pumanque
O’Higgins,Paredones
O’Higgins,Pichilemu
O’Higgins,Peralillo
O’Higgins,Placilla
O’Higgins,Peumo
O’Higgins,San Vicente
O’Higgins,Requinoa
O’Higgins,Rengo
O’Higgins,Quinta de Tilcoco
O’Higgins,San Fernando
O’Higgins,Rancagua
Cauquenes,Maule
Maule,Colbun
Maule,Chanco
O’Higgins,Desconocido O’Higgins
Maule,Pencahue
Maule,Constitucion
Maule,Curepto
Maule,Curico
Maule,Empedrado
Maule,Hualane
Maule,Licanten
Linares,Maule
Maule,Longavi
Maule,Maule
Maule,Molina
Maule,Parral
Maule,Pelarco
Pelluhue,Maule
San Rafael,Maule
Maule,Rauco
Retiro,Maule
Maule,Rio Claro
O’Higgins,Santa Cruz
Maule,Romeral
Maule,Sagrada Familia
Ñuble,Coihueco
Maule,San Clemente
San Javier,Maule
Maule,Talca
Ñuble,Bulnes
Chillan,Ñuble
Ñuble,Chillan Viejo
Cobquecura,Ñuble
Ñuble,Coelemu
Maule,Vichuquen
Maule,Teno
Maule,Villa Alegre
Maule,Yerbas Buenas
Ñuble,San Carlos
Ñuble,El Carmen
Maule,Desconocido Maule
Ñuble,Ninhue
Ñuble,Portezuelo
Ñuble,Niquen
Pemuco,Ñuble
Ñuble,Quillon
Ñuble,Pinto
Ñuble,Quirihue
Biobío,Arauco
Ñuble,Ranquil
Ñuble,San Fabian
Ñuble,Yungay
Ñuble,Desconocido Nuble
Ñuble,San Ignacio
Alto Biobio,Biobío
Ñuble,San Nicolas
Biobío,Antuco
Ñuble,Treguaco
Biobío,Contulmo
Biobío,Curanilahue
Biobío,Cabrero
Biobío,Coronel
Canete,Biobío
Biobío,Chiguayante
Biobío,Concepcion
Biobío,Florida
Biobío,Laja
Biobío,Hualqui
Biobío,Mulchen
Lebu,Biobío
Biobío,Los Alamos
Biobío,Los Angeles
Lota,Biobío
Biobío,Quilleco
Biobío,Nacimiento
Biobío,Negrete
Biobío,Penco
Biobío,Quilaco
San Rosendo,Biobío
Biobío,San Pedro de la Paz
Hualpen,Biobío
Biobío,Santa Juana
Biobío,Talcahuano
Biobío,Tucapel
Biobío,Tirua
Biobío,Tome
Biobío,Santa Barbara
Araucanía,Angol
Biobío,Desconocido Biobio
Biobío,Yumbel
Araucanía,Curacautin
Araucanía,Ercilla
Araucanía,Carahue
Araucanía,Curarrehue
Araucanía,Cholchol
Araucanía,Freire
Araucanía,Collipulli
Araucanía,Cunco
Araucanía,Galvarino
Araucanía,Nueva Imperial
Temuco,Araucanía
Gorbea,Araucanía
Araucanía,Padre Las Casas
Araucanía,Lautaro
Araucanía,Perquenco
Araucanía,Loncoche
Araucanía,Pitrufquen
Araucanía,Lonquimay
Araucanía,Pucon
Araucanía,Los Sauces
Araucanía,Puren
Araucanía,Lumaco
Araucanía,Renaico
Araucanía,Melipeuco
Araucanía,Saavedra
Los Ríos,Corral
Araucanía,Vilcun
Araucanía,Victoria
Araucanía,Villarrica
Araucanía,Teodoro Schmidt
Araucanía,Desconocido Araucania
Araucanía,Tolten
Araucanía,Traiguen
Los Ríos,Lanco
Los Ríos,Mafil
Los Ríos,Futrono
Los Lagos,Los Ríos
La Union,Los Ríos
Los Ríos,Lago Ranco
Los Ríos,Mariquina
Los Ríos,Rio Bueno
Los Ríos,Panguipulli
Los Lagos,Calbuco
Los Ríos,Valdivia
Los Ríos,Desconocido Los Rios
Los Lagos,Ancud
Los Ríos,Paillaco
Los Lagos,Fresia
Los Lagos,Cochamo
Curaco de Velez,Los Lagos
Chonchi,Los Lagos
Castro,Los Lagos
Los Lagos,Chaiten
Los Lagos,Futaleufu
Los Lagos,Dalcahue
Los Lagos,Frutillar
Los Lagos,Queilen
Los Lagos,Palena
Puerto Montt,Los Lagos
Los Lagos,Hualaihue
Puerto Octay,Los Lagos
Los Lagos,Llanquihue
Los Lagos,Puerto Varas
Los Lagos,Los Muermos
Puqueldon,Los Lagos
Los Lagos,Maullin
Los Lagos,Purranque
Los Lagos,Osorno
Los Lagos,Puyehue
Aysén,Cisnes
Aysén,Rio Ibanez
Los Lagos,Quellon
Aysén,Cochrane
Los Lagos,Quemchi
Aysén,Coyhaique
Quinchao,Los Lagos
Aysén,Guaitecas
Los Lagos,Rio Negro
Aysén,Lago Verde
Los Lagos,San Juan de la Costa
Aysén,OHiggins
Los Lagos,San Pablo
Magallanes,Rio Verde
Los Lagos,Desconocido Los Lagos
Aysén,Tortel
Aysen,Aysén
Aysén,Desconocido Aysen
Aysén,Chile Chico
Magallanes,Antartica
Natales,Magallanes
Magallanes,Porvenir
Magallanes,Cabo de Hornos
Magallanes,Primavera
Magallanes,Laguna Blanca
Magallanes,Punta Arenas
Arica y Parinacota,Arica
Magallanes,Timaukel
Magallanes,Torres del Paine
Magallanes,San Gregorio
Magallanes,Desconocido Magallanes
Arica y Parinacota,Putre
Arica y Parinacota,Desconocido Arica y Parinacota
Tarapacá,Alto Hospicio
Antofagasta,Antofagasta
Arica y Parinacota,Camarones
Tarapacá,Camina
Arica y Parinacota,General Lagos
Tarapacá,Colchane
Antofagasta,Ollague
Tarapacá,Huara
Antofagasta,Calama
Tarapacá,Iquique
Antofagasta,Maria Elena
Tarapacá,Pica
Mejillones,Antofagasta
Tarapacá,Pozo Almonte
Tarapacá,Desconocido Tarapaca
Antofagasta,Sierra Gorda
Antofagasta,San Pedro de Atacama
Antofagasta,Taltal
Antofagasta,Tocopilla
Coquimbo,Rio Hurtado
Coquimbo,Illapel
Coquimbo,La Higuera
Antofagasta,Desconocido Antofagasta
La Serena,Coquimbo
Atacama,Alto del Carmen
Coquimbo,Los Vilos
Caldera,Atacama
Coquimbo,Monte Patria
Chanaral,Atacama
Ovalle,Coquimbo
Atacama,Copiapo
Coquimbo,Paiguano
Atacama,Diego de Almagro
Coquimbo,Punitaqui
Atacama,Freirina
Valparaíso,Algarrobo
Atacama,Huasco
Coquimbo,Salamanca
Atacama,Tierra Amarilla
Coquimbo,Vicuna
Atacama,Vallenar
Coquimbo,Desconocido Coquimbo
Desconocido Atacama,Atacama
Coquimbo,Canela
Coquimbo,Combarbala
Coquimbo,Andacollo
Coquimbo,Coquimbo
Valparaíso,Casablanca
Valparaíso,Concon
Valparaíso,Cabildo
Valparaíso,Catemu
Valparaíso,Calera
Valparaíso,Calle Larga
Valparaíso,Isla de Pascua
Cartagena,Valparaíso
Valparaíso,El Quisco
Valparaíso,El Tabo
Valparaíso,Limache
Valparaíso,Hijuelas
Valparaíso,Juan Fernandez
Valparaíso,Nogales
Valparaíso,La Cruz
Valparaíso,Llaillay
Valparaíso,La Ligua
Valparaíso,Los Andes
Valparaíso,Papudo
Valparaíso,Olmue
Panquehue,Valparaíso
Quillota,Valparaíso
Valparaíso,Puchuncavi
Putaendo,Valparaíso
Valparaíso,Petorca
Valparaíso,Rinconada
Valparaíso,Quilpue
Valparaíso,Quintero
Valparaíso,San Antonio
Valparaíso,San Esteban
Valparaíso,Santa Maria
Valparaíso,Valparaiso
Valparaíso,San Felipe
Valparaíso,Santo Domingo
Valparaíso,Villa Alemana
Valparaíso,Vina del Mar
Metropolitana,Lo Barnechea
Metropolitana,Isla de Maipo
Metropolitana,La Cisterna
Valparaíso,Zapallar
Metropolitana,La Florida
Valparaíso,Desconocido Valparaiso
Metropolitana,La Granja
Metropolitana,Alhue
Metropolitana,La Pintana
Metropolitana,Buin
Metropolitana,La Reina
Metropolitana,Calera de Tango
Metropolitana,Lampa
Metropolitana,Cerrillos
Metropolitana,Las Condes
Metropolitana,Cerro Navia
Maipu,Metropolitana
Metropolitana,Colina
Metropolitana,Lo Espejo
Metropolitana,Conchali
Metropolitana,Lo Prado
Metropolitana,Curacavi
Metropolitana,Macul
Metropolitana,El Bosque
Metropolitana,Nunoa
Metropolitana,El Monte
Metropolitana,Maria Pinto
Metropolitana,Estacion Central
Metropolitana,Huechuraba
Metropolitana,Melipilla
Metropolitana,Independencia
Metropolitana,Puente Alto
Metropolitana,Padre Hurtado
Metropolitana,Renca
Metropolitana,Paine
Metropolitana,Quilicura
Metropolitana,Pedro Aguirre Cerda
Metropolitana,Quinta Normal
Metropolitana,Penaflor
Metropolitana,Penalolen
Metropolitana,Recoleta
Metropolitana,Pirque
Metropolitana,Vitacura
Metropolitana,San Bernardo
Metropolitana,Providencia
Metropolitana,San Joaquin
Metropolitana,San Jose de Maipo
Metropolitana,Pudahuel
Metropolitana,San Miguel
Metropolitana,San Pedro
O’Higgins,Malloa
Metropolitana,San Ramon
Metropolitana,Desconocido Metropolitana
Metropolitana,Santiago
O’Higgins,Chepica
Metropolitana,Talagante
O’Higgins,Chimbarongo
Metropolitana,Tiltil
O’Higgins,Codegua
O’Higgins,Pumanque
O’Higgins,Coinco
O’Higgins,Marchihue
O’Higgins,Coltauco
O’Higgins,Mostazal
O’Higgins,Donihue
Nancagua,O’Higgins
O’Higgins,Graneros
O’Higgins,Navidad
O’Higgins,La Estrella
O’Higgins,Olivar
Las Cabras,O’Higgins
O’Higgins,Palmilla
O’Higgins,Litueche
Paredones,O’Higgins
O’Higgins,Lolol
O’Higgins,Peralillo
O’Higgins,Machali
O’Higgins,Peumo
O’Higgins,Pichidegua
O’Higgins,Desconocido O’Higgins
Pichilemu,O’Higgins
O’Higgins,Quinta de Tilcoco
O’Higgins,Placilla
O’Higgins,Rancagua
O’Higgins,San Vicente
O’Higgins,San Fernando
O’Higgins,Rengo
O’Higgins,Santa Cruz
O’Higgins,Requinoa
Maule,Maule
Maule,Curico
Maule,Empedrado
Maule,Cauquenes
Maule,Hualane
Maule,Chanco
Licanten,Maule
Colbun,Maule
Linares,Maule
Maule,Constitucion
Longavi,Maule
Maule,Curepto
Maule,Rauco
Maule,Romeral
Maule,Molina
Maule,Retiro
Maule,Parral
Maule,Rio Claro
Maule,Pelarco
Maule,Pelluhue
Maule,Pencahue
Maule,San Javier
Maule,Sagrada Familia
Maule,San Clemente
Maule,Vichuquen
Maule,Talca
Maule,Teno
Maule,San Rafael
Maule,Yerbas Buenas
Maule,Villa Alegre
Desconocido Maule,Maule
Ñuble,Bulnes
Chillan,Ñuble
Ñuble,Cobquecura
Ñuble,Chillan Viejo
Ñuble,Coihueco
Ñuble,Coelemu
Ñuble,El Carmen
Ñuble,Ninhue
Ñuble,Treguaco
Ñuble,San Carlos
Ñuble,San Fabian
Ñuble,Niquen
Ñuble,San Ignacio
Ñuble,Pemuco
Ñuble,San Nicolas
Ñuble,Pinto
Desconocido Nuble,Ñuble
Ñuble,Portezuelo
Ñuble,Yungay
Ñuble,Quillon
Ñuble,Quirihue
Biobío,Alto Biobio
Ranquil,Ñuble
Biobío,Antuco
Biobío,Los Alamos
Biobío,Florida
Biobío,Hualpen
Biobío,Arauco
Hualqui,Biobío
Biobío,Cabrero
Biobío,Laja
Biobío,Canete
Biobío,Lebu
Biobío,Chiguayante
Penco,Biobío
Biobío,Concepcion
Biobío,Los Angeles
Biobío,Contulmo
Lota,Biobío
Coronel,Biobío
Mulchen,Biobío
Biobío,Curanilahue
Biobío,Nacimiento
Biobío,Negrete
Biobío,Santa Juana
Biobío,San Pedro de la Paz
Biobío,San Rosendo
Biobío,Quilaco
Biobío,Santa Barbara
Biobío,Quilleco
Biobío,Tome
Biobío,Yumbel
Biobío,Talcahuano
Biobío,Tucapel
Biobío,Tirua
Desconocido Biobio,Biobío
Araucanía,Angol
Araucanía,Carahue
Cholchol,Araucanía
Araucanía,Collipulli
Araucanía,Cunco
Araucanía,Curacautin
Araucanía,Curarrehue
Araucanía,Ercilla
Freire,Araucanía
Araucanía,Galvarino
Araucanía,Gorbea
Araucanía,Lautaro
